{"cameraMode":{"drawMode":0,"name":"Shaded","section":"Shading Mode"},"sceneLighting":true,"audioPlay":false,"sceneViewState":{"showFog":true,"showMaterialUpdate":false,"showSkybox":true,"showFlares":true,"showImageEffects":true,"showParticleSystems":true},"in2DMode":false,"pivot":{"x":-1.2521086931228638,"y":0.3863902688026428,"z":0.3987572491168976},"rotation":{"x":0.07633170485496521,"y":-0.6207515597343445,"z":0.060908298939466479,"w":0.7779088020324707},"size":3.194445848464966,"orthographic":false}