{"cameraMode":{"drawMode":0,"name":"Shaded","section":"Shading Mode"},"sceneLighting":true,"audioPlay":false,"sceneViewState":{"showFog":true,"showMaterialUpdate":false,"showSkybox":true,"showFlares":true,"showImageEffects":true,"showParticleSystems":true},"in2DMode":false,"pivot":{"x":-7.7118239402771,"y":4.284041404724121,"z":-6.553688049316406},"rotation":{"x":-0.2971402108669281,"y":-0.3322286009788513,"z":0.11112413555383682,"w":-0.8882700800895691},"size":17.531084060668947,"orthographic":false}