{"cameraMode":{"drawMode":0,"name":"Shaded","section":"Shading Mode"},"sceneLighting":false,"audioPlay":false,"sceneViewState":{"showFog":true,"showMaterialUpdate":false,"showSkybox":false,"showFlares":true,"showImageEffects":true,"showParticleSystems":true},"in2DMode":false,"pivot":{"x":5.778268814086914,"y":0.20090755820274354,"z":2.79066801071167},"rotation":{"x":-0.18196579813957215,"y":-0.32160821557044985,"z":0.06312399357557297,"w":-0.9271019697189331},"size":0.879562497138977,"orthographic":false}